accuracy,training entries,tiempo,recall
0.68792,2231.1111111111113,3361,0.69512
0.71576,4452.222222222223,6615,0.71528
0.73756,6673.333333333334,9885,0.74648
0.73256,8894.444444444445,13148,0.74344
0.74068,11115.555555555557,16437,0.75744
0.73732,13336.666666666668,19670,0.75584
0.74396,15557.77777777778,22971,0.76024
0.74616,17778.88888888889,26207,0.76152
