accuracy,alpha,k,testing entries,recall,falseP,falseN,trueN,trueP,tiempo
0.7314,15,8,5000,0.714228,634,709,1885,1772,3849
0.7232,29,8,5000,0.704555,651,733,1868,1748,8517
